pengurus_ref,koperasi_ref,nama,jabatan,status,no_hp,nik,jenis_kelamin,foto_profil,email,alamat,kode_pos,tanggal_lahir,status_pendidikan,periode_mulai,periode_selesai,file_ktp,sumber_data,dibuat_pada,diperbarui_pada
PGR-9590B38DE40B,KOP-AC0D0FFB3A40,Andi Wulandari,BENDAHARA,PENGURUS,0832********,694207230408****,LAKI-LAKI,,,Kelurahan Wonorejo,15720,19**-**-**,S1,2025-01-01,2030-01-01,,,2026-04-30 13:52:48,2026-01-31 23:44:21
PGR-2562236382D2,KOP-AC0D0FFB3A40,Andi Wulandari,KETUA,PENGURUS,0818********,671317150192****,PEREMPUAN,,,Kelurahan Margamulya,30232,19**-**-**,SMA,2025-01-01,2030-01-01,,,2026-04-26 09:38:57,2025-12-13 22:41:31
PGR-7846B0DBC23C,KOP-AC0D0FFB3A40,Bambang Firmansyah,KETUA,PENGURUS,0831********,916318021006****,LAKI-LAKI,,,Kelurahan Margamulya,99705,19**-**-**,S1,2025-01-01,2030-01-01,,,2025-08-21 03:17:26,2026-03-21 03:35:03
PGR-28D5C16A9FDD,KOP-AC0D0FFB3A40,Dewi Wulandari,WAKIL KETUA,PENGURUS,0854********,520810120679****,LAKI-LAKI,,,Kelurahan Karangasem,79621,19**-**-**,S1,2025-01-01,2030-01-01,,,2025-07-04 06:11:20,2025-06-29 02:52:30
PGR-DC6378DFB7FB,KOP-AC0D0FFB3A40,Ida Rahayu,BENDAHARA,PENGURUS,0849********,406009150575****,PEREMPUAN,,,Kelurahan Tanjungsari,98815,19**-**-**,SMA,2025-01-01,2030-01-01,,,2025-03-17 16:04:58,2025-12-20 21:23:34
PGR-03149C4E04C0,KOP-AC0D0FFB3A40,Ani Firmansyah,BENDAHARA,PENGURUS,0854********,365016040407****,PEREMPUAN,,,Kelurahan Sindangjaya,48780,19**-**-**,S1,2025-01-01,2030-01-01,,,2025-01-23 23:57:55,2026-02-10 09:59:36
PGR-913DC677ABEB,KOP-5B98A03D10CB,Hendra Nugroho,BENDAHARA,PENGURUS,0856********,562205240991****,LAKI-LAKI,,,Kelurahan Karanganyar,94123,19**-**-**,SMA,2025-01-01,2030-01-01,,,2026-06-21 01:13:53,2025-03-18 01:45:58
PGR-3AAA9E879C64,KOP-5B98A03D10CB,Budi Pratama,WAKIL KETUA,PENGURUS,0850********,122817150674****,PEREMPUAN,,,Kelurahan Margamulya,73944,19**-**-**,SMA,2025-01-01,2030-01-01,,,2025-01-07 19:22:38,2026-02-26 00:25:53
PGR-398CB8F9BE3B,KOP-5B98A03D10CB,Budi Setiawan,SEKRETARIS,PENGURUS,0844********,331404170300****,LAKI-LAKI,,,Kelurahan Sindangjaya,79003,19**-**-**,S1,2025-01-01,2030-01-01,,,2025-12-29 09:43:58,2026-02-11 02:52:37
PGR-5338052F6B87,KOP-5B98A03D10CB,Yuni Pratama,BENDAHARA,PENGURUS,0846********,210503130703****,PEREMPUAN,,,Kelurahan Sukamaju,93459,19**-**-**,SMA,2025-01-01,2030-01-01,,,2025-06-25 03:00:37,2026-05-27 15:47:53
PGR-ED840FA2E6FB,KOP-5B98A03D10CB,Wawan Handayani,KETUA,PENGURUS,0843********,836109020262****,LAKI-LAKI,,,Kelurahan Sumberrejo,51220,19**-**-**,SMA,2025-01-01,2030-01-01,,,2025-08-01 21:22:23,2025-05-28 14:30:05
PGR-85147B6F1E5C,KOP-67F3AA4F6100,Rudi Saputra,WAKIL KETUA,PENGURUS,0843********,647018130264****,LAKI-LAKI,,,Kelurahan Karangasem,96944,19**-**-**,S1,2025-01-01,2030-01-01,,,2025-12-06 13:08:10,2025-10-28 07:57:12
PGR-210C4A68C856,KOP-67F3AA4F6100,Ida Setiawan,BENDAHARA,PENGURUS,0845********,683120200401****,PEREMPUAN,,,Kelurahan Wonorejo,24860,19**-**-**,S1,2025-01-01,2030-01-01,,,2025-09-20 19:40:09,2025-10-17 00:53:58
PGR-DA63CCCAF0BE,KOP-67F3AA4F6100,Rudi Rahayu,SEKRETARIS,PENGURUS,0842********,163807110907****,LAKI-LAKI,,,Kelurahan Sumberrejo,80513,19**-**-**,SMA,2025-01-01,2030-01-01,,,2025-03-09 07:40:27,2025-08-07 15:26:41
PGR-0D2D23C043ED,KOP-67F3AA4F6100,Dewi Saputra,BENDAHARA,PENGURUS,0851********,694302030264****,LAKI-LAKI,,,Kelurahan Tanjungsari,83149,19**-**-**,SMA,2025-01-01,2030-01-01,,,2025-08-22 09:25:01,2026-02-22 14:07:40
PGR-6791629C8A56,KOP-67F3AA4F6100,Eko Firmansyah,BENDAHARA,PENGURUS,0837********,266901211200****,LAKI-LAKI,,,Kelurahan Cintamanik,19514,19**-**-**,S1,2025-01-01,2030-01-01,,,2026-05-30 03:51:51,2025-10-24 10:58:18
PGR-BDBE47DECCB0,KOP-27EE7AE77F46,Wati Pratama,BENDAHARA,PENGURUS,0856********,115016041064****,PEREMPUAN,,,Kelurahan Sidomulyo,99369,19**-**-**,S1,2025-01-01,2030-01-01,,,2026-02-15 02:00:34,2025-04-03 13:18:07
PGR-EF4E355A43B2,KOP-27EE7AE77F46,Nur Rahayu,SEKRETARIS,PENGURUS,0815********,337102131189****,PEREMPUAN,,,Kelurahan Cintamanik,61131,19**-**-**,SMA,2025-01-01,2030-01-01,,,2026-01-03 17:42:46,2025-03-28 23:02:21
PGR-2793105CBA60,KOP-27EE7AE77F46,Eko Puspita,WAKIL KETUA,PENGURUS,0818********,863116130262****,PEREMPUAN,,,Kelurahan Cibiru,79984,19**-**-**,S1,2025-01-01,2030-01-01,,,2025-01-17 01:20:55,2025-12-14 02:02:27
PGR-CB8287A1A5E4,KOP-27EE7AE77F46,Wawan Nugroho,KETUA,PENGURUS,0835********,792019080203****,LAKI-LAKI,,,Kelurahan Cibiru,95699,19**-**-**,SMA,2025-01-01,2030-01-01,,,2026-04-28 22:30:51,2025-02-16 08:50:08
PGR-FFB069BFCCE2,KOP-27EE7AE77F46,Andi Santoso,WAKIL KETUA,PENGURUS,0850********,697906271063****,LAKI-LAKI,,,Kelurahan Mekarsari,75161,19**-**-**,SMA,2025-01-01,2030-01-01,,,2025-03-06 07:22:40,2026-03-13 12:16:56
PGR-7BC0575AC0BE,KOP-27EE7AE77F46,Bambang Hidayat,KETUA,PENGURUS,0853********,522802190396****,LAKI-LAKI,,,Kelurahan Mekarsari,45899,19**-**-**,SMA,2025-01-01,2030-01-01,,,2026-03-02 06:07:06,2026-01-14 20:08:56
PGR-C09152242F49,KOP-FF3354FE674F,Joko Saputra,WAKIL KETUA,PENGURUS,0814********,707711281003****,PEREMPUAN,,,Kelurahan Wonorejo,53072,19**-**-**,SMA,2025-01-01,2030-01-01,,,2025-04-18 16:32:26,2025-02-13 18:03:22
PGR-BF4632EDE05E,KOP-FF3354FE674F,Sri Santoso,WAKIL KETUA,PENGURUS,0854********,416211261274****,LAKI-LAKI,,,Kelurahan Wonorejo,34149,19**-**-**,SMA,2025-01-01,2030-01-01,,,2026-01-07 00:21:36,2025-03-17 13:01:48
PGR-F00E73513EC8,KOP-FF3354FE674F,Budi Setiawan,KETUA,PENGURUS,0819********,917512020178****,LAKI-LAKI,,,Kelurahan Tanjungsari,32825,19**-**-**,SMA,2025-01-01,2030-01-01,,,2025-09-26 06:20:43,2025-12-14 20:11:20
PGR-24E2986441B7,KOP-FF3354FE674F,Sri Kurniawan,WAKIL KETUA,PENGURUS,0811********,131813210271****,LAKI-LAKI,,,Kelurahan Tanjungsari,69795,19**-**-**,SMA,2025-01-01,2030-01-01,,,2026-01-14 13:33:24,2025-06-25 19:11:05
PGR-E973D7F61B39,KOP-FF3354FE674F,Ida Pratama,KETUA,PENGURUS,0817********,356913230669****,PEREMPUAN,,,Kelurahan Margamulya,42053,19**-**-**,SMA,2025-01-01,2030-01-01,,,2025-07-13 19:29:44,2025-10-29 05:24:32
PGR-D9C753619CD8,KOP-54442CE443AF,Wawan Santoso,KETUA,PENGURUS,0832********,430318221074****,PEREMPUAN,,,Kelurahan Margamulya,43730,19**-**-**,SMA,2025-01-01,2030-01-01,,,2026-03-29 08:01:59,2025-11-29 09:47:11
PGR-EE92FB49B4AF,KOP-54442CE443AF,Joko Handayani,BENDAHARA,PENGURUS,0819********,581916030803****,PEREMPUAN,,,Kelurahan Sumberrejo,33083,19**-**-**,SMA,2025-01-01,2030-01-01,,,2026-05-18 06:34:06,2025-10-16 00:45:58
PGR-4F2B00E068D7,KOP-54442CE443AF,Ani Kurniawan,WAKIL KETUA,PENGURUS,0835********,291014080898****,LAKI-LAKI,,,Kelurahan Cintamanik,79045,19**-**-**,SMA,2025-01-01,2030-01-01,,,2025-01-13 21:57:54,2025-04-13 13:45:28
PGR-6A309FAE565F,KOP-54442CE443AF,Bambang Santoso,KETUA,PENGURUS,0810********,213505211062****,LAKI-LAKI,,,Kelurahan Mekarsari,81089,19**-**-**,S1,2025-01-01,2030-01-01,,,2025-03-29 07:21:58,2025-05-23 17:29:30
PGR-3705A2BBE0E5,KOP-54442CE443AF,Tono Wulandari,WAKIL KETUA,PENGURUS,0829********,420818230581****,LAKI-LAKI,,,Kelurahan Sukamaju,15836,19**-**-**,SMA,2025-01-01,2030-01-01,,,2025-10-31 03:44:03,2026-06-08 15:07:12
PGR-FF0E7DB4AF9E,KOP-B75BA893E859,Yuni Nugroho,SEKRETARIS,PENGURUS,0851********,517017040108****,PEREMPUAN,,,Kelurahan Cintamanik,91509,19**-**-**,S1,2025-01-01,2030-01-01,,,2025-10-14 02:51:22,2025-07-28 04:59:34
PGR-877971151E0D,KOP-B75BA893E859,Rudi Saputra,SEKRETARIS,PENGURUS,0857********,581902081295****,PEREMPUAN,,,Kelurahan Mekarsari,12790,19**-**-**,S1,2025-01-01,2030-01-01,,,2025-02-04 09:50:28,2025-10-12 21:25:01
PGR-D8AAA7F00E1D,KOP-B75BA893E859,Bambang Utami,KETUA,PENGURUS,0813********,134913150106****,LAKI-LAKI,,,Kelurahan Wonorejo,34173,19**-**-**,S1,2025-01-01,2030-01-01,,,2026-06-30 01:54:09,2025-11-09 01:08:23
PGR-51FDBEEFC5B0,KOP-B75BA893E859,Nur Nugroho,SEKRETARIS,PENGURUS,0811********,862801111205****,PEREMPUAN,,,Kelurahan Cintamanik,17486,19**-**-**,SMA,2025-01-01,2030-01-01,,,2026-02-02 10:27:52,2026-04-20 15:25:52
PGR-EA864375E7A4,KOP-B75BA893E859,Tono Puspita,SEKRETARIS,PENGURUS,0820********,270209261184****,LAKI-LAKI,,,Kelurahan Karangasem,81146,19**-**-**,S1,2025-01-01,2030-01-01,,,2025-12-12 20:47:32,2026-02-09 01:24:20
PGR-F9836692642F,KOP-BDF249453F76,Nur Setiawan,SEKRETARIS,PENGURUS,0854********,514715240461****,PEREMPUAN,,,Kelurahan Cibiru,39842,19**-**-**,S1,2025-01-01,2030-01-01,,,2026-01-06 12:07:28,2025-07-23 09:25:51
PGR-AE9BC365AA49,KOP-BDF249453F76,Hendra Handayani,KETUA,PENGURUS,0818********,616302270906****,PEREMPUAN,,,Kelurahan Sukamaju,84149,19**-**-**,S1,2025-01-01,2030-01-01,,,2025-02-02 18:21:28,2025-12-01 19:37:02
PGR-B2D6CB200A58,KOP-BDF249453F76,Wati Utami,SEKRETARIS,PENGURUS,0850********,821518060964****,PEREMPUAN,,,Kelurahan Sindangjaya,95219,19**-**-**,SMA,2025-01-01,2030-01-01,,,2025-03-16 15:41:25,2025-10-11 16:57:22
PGR-E897DF88B3CC,KOP-BDF249453F76,Eko Puspita,WAKIL KETUA,PENGURUS,0851********,937411150981****,LAKI-LAKI,,,Kelurahan Wonorejo,85332,19**-**-**,S1,2025-01-01,2030-01-01,,,2025-01-07 22:42:28,2026-02-04 00:41:13
PGR-8F5F64D6EF96,KOP-BDF249453F76,Budi Saputra,SEKRETARIS,PENGURUS,0837********,854218151169****,PEREMPUAN,,,Kelurahan Cintamanik,85609,19**-**-**,SMA,2025-01-01,2030-01-01,,,2025-07-13 05:23:55,2025-07-31 11:13:53
PGR-22031BCE80AF,KOP-9356583AAD08,Rudi Firmansyah,SEKRETARIS,PENGURUS,0823********,416801211104****,PEREMPUAN,,,Kelurahan Sumberrejo,18474,19**-**-**,SMA,2025-01-01,2030-01-01,,,2025-03-06 17:58:59,2025-12-19 02:11:57
PGR-A9A1557327D2,KOP-9356583AAD08,Ida Nugroho,BENDAHARA,PENGURUS,0815********,517612231188****,PEREMPUAN,,,Kelurahan Cintamanik,51820,19**-**-**,S1,2025-01-01,2030-01-01,,,2026-01-02 17:29:33,2026-01-15 18:11:36
PGR-BAA2759A2F82,KOP-9356583AAD08,Ani Nugroho,BENDAHARA,PENGURUS,0830********,862202230694****,PEREMPUAN,,,Kelurahan Cibiru,52515,19**-**-**,S1,2025-01-01,2030-01-01,,,2026-04-20 16:54:28,2026-04-09 05:33:32
PGR-E97F18369FB3,KOP-9356583AAD08,Andi Puspita,BENDAHARA,PENGURUS,0836********,592013120102****,LAKI-LAKI,,,Kelurahan Sumberrejo,87717,19**-**-**,SMA,2025-01-01,2030-01-01,,,2025-08-11 03:27:11,2025-01-17 14:14:47
PGR-C825862FE7E6,KOP-9356583AAD08,Wati Kurniawan,SEKRETARIS,PENGURUS,0831********,612110270900****,LAKI-LAKI,,,Kelurahan Karangasem,73771,19**-**-**,S1,2025-01-01,2030-01-01,,,2026-03-20 15:50:30,2025-06-13 17:44:36
PGR-CB0DC2331B53,KOP-9356583AAD08,Siti Hidayat,KETUA,PENGURUS,0814********,293117160407****,PEREMPUAN,,,Kelurahan Sukamaju,50371,19**-**-**,SMA,2025-01-01,2030-01-01,,,2025-12-13 22:57:15,2025-11-15 22:31:05
PGR-9AB363FA5EDF,KOP-5BEBDAD959DA,Joko Pratama,WAKIL KETUA,PENGURUS,0838********,613205010402****,PEREMPUAN,,,Kelurahan Cibiru,62329,19**-**-**,S1,2025-01-01,2030-01-01,,,2026-04-22 13:31:42,2025-07-29 16:52:05
PGR-E5A678E7853D,KOP-5BEBDAD959DA,Andi Pratama,KETUA,PENGURUS,0825********,580712150701****,LAKI-LAKI,,,Kelurahan Sindangjaya,48528,19**-**-**,S1,2025-01-01,2030-01-01,,,2026-06-09 20:05:00,2026-05-04 01:28:31
PGR-1953A2A07E3D,KOP-5BEBDAD959DA,Wati Wijaya,SEKRETARIS,PENGURUS,0831********,121305241272****,LAKI-LAKI,,,Kelurahan Sukamaju,76782,19**-**-**,SMA,2025-01-01,2030-01-01,,,2026-06-18 13:31:02,2025-01-25 16:19:27
PGR-F1854E2D2B12,KOP-436D469B2466,Dewi Utami,SEKRETARIS,PENGURUS,0828********,607620230808****,PEREMPUAN,,,Kelurahan Cintamanik,39109,19**-**-**,S1,2025-01-01,2030-01-01,,,2026-04-05 23:12:15,2026-03-28 10:39:20
PGR-BA54A186A88E,KOP-436D469B2466,Lestari Kurniawan,KETUA,PENGURUS,0818********,583707030983****,LAKI-LAKI,,,Kelurahan Cintamanik,81219,19**-**-**,SMA,2025-01-01,2030-01-01,,,2025-05-17 06:55:59,2025-03-06 04:35:53
PGR-4FC090D2A58B,KOP-436D469B2466,Joko Handayani,WAKIL KETUA,PENGURUS,0851********,184901030960****,PEREMPUAN,,,Kelurahan Tanjungsari,74164,19**-**-**,SMA,2025-01-01,2030-01-01,,,2025-07-28 20:07:29,2026-04-20 12:33:40
PGR-4F09891AADD3,KOP-436D469B2466,Budi Setiawan,WAKIL KETUA,PENGURUS,0859********,692306120890****,PEREMPUAN,,,Kelurahan Tanjungsari,57603,19**-**-**,S1,2025-01-01,2030-01-01,,,2026-05-11 04:56:22,2026-01-24 05:38:04
PGR-E034DD5FA57A,KOP-9731896E0A0B,Wawan Setiawan,KETUA,PENGURUS,0838********,451704270904****,PEREMPUAN,,,Kelurahan Sidomulyo,73714,19**-**-**,SMA,2025-01-01,2030-01-01,,,2025-11-23 15:50:31,2026-06-02 04:36:09
PGR-CBB464D38E20,KOP-9731896E0A0B,Budi Rahayu,WAKIL KETUA,PENGURUS,0818********,840302031183****,LAKI-LAKI,,,Kelurahan Cintamanik,54849,19**-**-**,S1,2025-01-01,2030-01-01,,,2025-10-09 01:55:25,2026-04-16 06:15:02
PGR-69204240C2E3,KOP-9731896E0A0B,Joko Rahayu,WAKIL KETUA,PENGURUS,0827********,827911240590****,LAKI-LAKI,,,Kelurahan Mekarsari,73632,19**-**-**,SMA,2025-01-01,2030-01-01,,,2025-06-14 09:31:56,2026-04-09 08:45:05
PGR-756C1996145A,KOP-9731896E0A0B,Agus Kurniawan,BENDAHARA,PENGURUS,0814********,116203020608****,LAKI-LAKI,,,Kelurahan Mekarsari,85282,19**-**-**,S1,2025-01-01,2030-01-01,,,2025-01-02 22:13:28,2025-07-02 16:53:14
PGR-304620822B9D,KOP-9731896E0A0B,Dewi Rahayu,KETUA,PENGURUS,0830********,164708270871****,LAKI-LAKI,,,Kelurahan Karangasem,15747,19**-**-**,SMA,2025-01-01,2030-01-01,,,2026-04-19 02:34:50,2026-03-17 21:36:50
PGR-388F6285F11D,KOP-9731896E0A0B,Wawan Firmansyah,KETUA,PENGURUS,0810********,757410181290****,PEREMPUAN,,,Kelurahan Karangasem,94654,19**-**-**,SMA,2025-01-01,2030-01-01,,,2026-06-19 17:03:04,2026-02-28 21:35:38
PGR-3532924630A5,KOP-F5BE80E71859,Lestari Firmansyah,BENDAHARA,PENGURUS,0825********,482910230505****,PEREMPUAN,,,Kelurahan Sindangjaya,25900,19**-**-**,S1,2025-01-01,2030-01-01,,,2025-09-08 22:07:01,2025-09-06 09:24:39
PGR-ED5F81E773E0,KOP-F5BE80E71859,Hendra Handayani,BENDAHARA,PENGURUS,0828********,440317251104****,LAKI-LAKI,,,Kelurahan Karangasem,16257,19**-**-**,S1,2025-01-01,2030-01-01,,,2026-05-28 15:17:47,2025-05-12 22:02:36
PGR-2D81431EB603,KOP-F5BE80E71859,Wati Puspita,WAKIL KETUA,PENGURUS,0846********,233206040108****,LAKI-LAKI,,,Kelurahan Sukamaju,32719,19**-**-**,SMA,2025-01-01,2030-01-01,,,2026-05-06 01:34:42,2026-05-06 11:53:57
PGR-C86047778581,KOP-F5BE80E71859,Ani Rahayu,SEKRETARIS,PENGURUS,0822********,546119050306****,LAKI-LAKI,,,Kelurahan Sukamaju,15624,19**-**-**,S1,2025-01-01,2030-01-01,,,2025-10-12 20:37:56,2026-03-20 11:04:56
PGR-7F120CC890C1,KOP-F5BE80E71859,Bambang Wijaya,WAKIL KETUA,PENGURUS,0856********,141912040399****,LAKI-LAKI,,,Kelurahan Cintamanik,70485,19**-**-**,S1,2025-01-01,2030-01-01,,,2026-02-07 12:58:12,2026-06-26 21:39:35
PGR-58F422FA52FF,KOP-8D601754AAF5,Budi Kurniawan,WAKIL KETUA,PENGURUS,0835********,320609031105****,LAKI-LAKI,,,Kelurahan Mekarsari,90112,19**-**-**,SMA,2025-01-01,2030-01-01,,,2025-12-31 16:23:29,2026-04-18 04:52:37
PGR-6057970EFA2B,KOP-8D601754AAF5,Budi Utami,SEKRETARIS,PENGURUS,0814********,863504190400****,PEREMPUAN,,,Kelurahan Sidomulyo,41483,19**-**-**,SMA,2025-01-01,2030-01-01,,,2025-03-02 22:37:26,2026-05-10 22:25:56
PGR-E86EC6C9D0ED,KOP-8D601754AAF5,Ani Wijaya,WAKIL KETUA,PENGURUS,0819********,147618160308****,PEREMPUAN,,,Kelurahan Sindangjaya,63329,19**-**-**,SMA,2025-01-01,2030-01-01,,,2025-07-07 06:27:39,2026-01-18 02:50:40
PGR-4FC167646C83,KOP-8D601754AAF5,Wati Rahayu,SEKRETARIS,PENGURUS,0819********,442806140271****,LAKI-LAKI,,,Kelurahan Sukamaju,35220,19**-**-**,S1,2025-01-01,2030-01-01,,,2026-01-27 19:08:42,2026-03-18 03:36:44
PGR-92FF60507AAB,KOP-8D601754AAF5,Bambang Saputra,KETUA,PENGURUS,0840********,682202050102****,PEREMPUAN,,,Kelurahan Karangasem,61239,19**-**-**,S1,2025-01-01,2030-01-01,,,2025-05-19 02:33:05,2026-01-05 07:09:27
PGR-90231486E663,KOP-8D601754AAF5,Lestari Setiawan,KETUA,PENGURUS,0810********,884101020207****,LAKI-LAKI,,,Kelurahan Sumberrejo,53717,19**-**-**,SMA,2025-01-01,2030-01-01,,,2025-01-27 16:47:55,2025-08-10 22:24:13
PGR-F414542550F2,KOP-82FA8CDD09D6,Budi Puspita,SEKRETARIS,PENGURUS,0850********,841805270200****,LAKI-LAKI,,,Kelurahan Tanjungsari,94923,19**-**-**,S1,2025-01-01,2030-01-01,,,2025-03-21 19:50:42,2026-02-16 16:07:16
PGR-7C0474D6B990,KOP-82FA8CDD09D6,Budi Pratama,BENDAHARA,PENGURUS,0823********,622119220171****,LAKI-LAKI,,,Kelurahan Sindangjaya,86199,19**-**-**,SMA,2025-01-01,2030-01-01,,,2026-06-06 22:25:02,2025-03-24 20:37:51
PGR-2C112DB52761,KOP-82FA8CDD09D6,Nur Kurniawan,BENDAHARA,PENGURUS,0817********,522708150202****,LAKI-LAKI,,,Kelurahan Karanganyar,65428,19**-**-**,S1,2025-01-01,2030-01-01,,,2025-09-26 06:14:54,2026-02-19 21:23:00
PGR-1BE5C132DF10,KOP-82FA8CDD09D6,Ani Kurniawan,KETUA,PENGURUS,0823********,223111101197****,LAKI-LAKI,,,Kelurahan Tanjungsari,57027,19**-**-**,S1,2025-01-01,2030-01-01,,,2026-04-06 00:58:30,2026-01-25 21:48:07
PGR-8A4BBC684886,KOP-82FA8CDD09D6,Rina Wijaya,SEKRETARIS,PENGURUS,0844********,583420170388****,LAKI-LAKI,,,Kelurahan Karanganyar,77191,19**-**-**,S1,2025-01-01,2030-01-01,,,2025-09-09 01:58:37,2025-05-31 02:44:35
PGR-1AE231AE25A1,KOP-82FA8CDD09D6,Eko Puspita,KETUA,PENGURUS,0836********,604909220490****,PEREMPUAN,,,Kelurahan Margamulya,79167,19**-**-**,SMA,2025-01-01,2030-01-01,,,2025-04-16 13:49:16,2025-09-16 21:09:02
PGR-BCBCCB72BC07,KOP-BF8E36AE042F,Sri Pratama,SEKRETARIS,PENGURUS,0820********,615611220407****,LAKI-LAKI,,,Kelurahan Karanganyar,86095,19**-**-**,S1,2025-01-01,2030-01-01,,,2025-05-11 23:04:32,2025-12-14 09:05:47
PGR-368A74F927D5,KOP-BF8E36AE042F,Andi Utami,WAKIL KETUA,PENGURUS,0855********,491411160284****,PEREMPUAN,,,Kelurahan Margamulya,64833,19**-**-**,SMA,2025-01-01,2030-01-01,,,2025-08-18 11:47:44,2025-10-05 07:44:13
PGR-216469FA2348,KOP-BF8E36AE042F,Ani Pratama,SEKRETARIS,PENGURUS,0842********,631313240987****,PEREMPUAN,,,Kelurahan Sindangjaya,71654,19**-**-**,SMA,2025-01-01,2030-01-01,,,2025-03-21 15:07:11,2025-04-09 12:54:23
PGR-ADA06EC850C5,KOP-BF8E36AE042F,Sri Firmansyah,KETUA,PENGURUS,0816********,701201080185****,LAKI-LAKI,,,Kelurahan Cibiru,27144,19**-**-**,S1,2025-01-01,2030-01-01,,,2025-03-02 17:10:04,2025-06-20 00:08:53
PGR-EF4F2CB31406,KOP-B4B7D0AB7FB3,Ani Firmansyah,WAKIL KETUA,PENGURUS,0819********,741814140661****,LAKI-LAKI,,,Kelurahan Tanjungsari,61491,19**-**-**,S1,2025-01-01,2030-01-01,,,2025-09-28 21:33:46,2025-06-20 18:08:01
PGR-535A146B63A1,KOP-B4B7D0AB7FB3,Andi Utami,KETUA,PENGURUS,0812********,805102030562****,LAKI-LAKI,,,Kelurahan Sidomulyo,21274,19**-**-**,SMA,2025-01-01,2030-01-01,,,2025-12-13 10:11:14,2025-08-02 05:12:54
PGR-E47C24EAA624,KOP-B4B7D0AB7FB3,Wati Wijaya,BENDAHARA,PENGURUS,0851********,414114281172****,PEREMPUAN,,,Kelurahan Sindangjaya,36315,19**-**-**,SMA,2025-01-01,2030-01-01,,,2025-04-02 02:07:10,2025-02-28 01:22:23
PGR-772444B51D1E,KOP-B4B7D0AB7FB3,Tono Santoso,WAKIL KETUA,PENGURUS,0814********,114018020395****,LAKI-LAKI,,,Kelurahan Sidomulyo,46527,19**-**-**,SMA,2025-01-01,2030-01-01,,,2025-12-10 19:47:51,2025-07-04 22:45:19
PGR-DA763B31A206,KOP-B4B7D0AB7FB3,Siti Handayani,WAKIL KETUA,PENGURUS,0813********,645503080703****,LAKI-LAKI,,,Kelurahan Karanganyar,94239,19**-**-**,SMA,2025-01-01,2030-01-01,,,2026-06-09 02:59:53,2025-05-24 04:59:30
PGR-6E2891075C0F,KOP-B4B7D0AB7FB3,Lestari Setiawan,KETUA,PENGURUS,0832********,435901280604****,LAKI-LAKI,,,Kelurahan Mekarsari,14762,19**-**-**,S1,2025-01-01,2030-01-01,,,2025-08-06 08:54:08,2025-01-09 22:18:50
PGR-50213FA3088E,KOP-389809E3CF0B,Rina Puspita,SEKRETARIS,PENGURUS,0825********,675312230200****,PEREMPUAN,,,Kelurahan Margamulya,18536,19**-**-**,S1,2025-01-01,2030-01-01,,,2026-03-03 09:58:29,2025-01-09 22:18:26
PGR-4AD784D92A13,KOP-389809E3CF0B,Tono Utami,KETUA,PENGURUS,0829********,907020230291****,PEREMPUAN,,,Kelurahan Sukamaju,51932,19**-**-**,S1,2025-01-01,2030-01-01,,,2025-05-18 10:55:32,2025-11-29 03:23:54
PGR-D08905D90E76,KOP-389809E3CF0B,Ida Santoso,WAKIL KETUA,PENGURUS,0834********,932611130664****,LAKI-LAKI,,,Kelurahan Cintamanik,85747,19**-**-**,SMA,2025-01-01,2030-01-01,,,2025-02-06 23:05:22,2025-06-28 08:48:21
PGR-1AE50456A3EC,KOP-362D85A5CD46,Siti Nugroho,BENDAHARA,PENGURUS,0826********,476916250608****,LAKI-LAKI,,,Kelurahan Mekarsari,85845,19**-**-**,SMA,2025-01-01,2030-01-01,,,2025-09-20 06:04:12,2026-01-06 12:44:43
PGR-38425D44F079,KOP-362D85A5CD46,Ani Kurniawan,KETUA,PENGURUS,0830********,491712110107****,PEREMPUAN,,,Kelurahan Karanganyar,79472,19**-**-**,S1,2025-01-01,2030-01-01,,,2026-02-11 00:59:53,2025-07-04 01:31:50
PGR-3015D9BDE517,KOP-362D85A5CD46,Sri Puspita,WAKIL KETUA,PENGURUS,0820********,720503201267****,PEREMPUAN,,,Kelurahan Wonorejo,37374,19**-**-**,SMA,2025-01-01,2030-01-01,,,2026-04-29 20:36:08,2026-06-22 17:37:23
PGR-DB2646780C76,KOP-9CF5E3251F71,Yuni Setiawan,SEKRETARIS,PENGURUS,0856********,140218020670****,LAKI-LAKI,,,Kelurahan Sukamaju,76606,19**-**-**,SMA,2025-01-01,2030-01-01,,,2025-06-20 22:52:29,2025-09-16 23:12:37
PGR-050002F1086E,KOP-9CF5E3251F71,Nur Kurniawan,BENDAHARA,PENGURUS,0824********,716717070270****,PEREMPUAN,,,Kelurahan Karangasem,65936,19**-**-**,S1,2025-01-01,2030-01-01,,,2025-10-25 19:50:03,2025-12-24 05:26:15
PGR-C77C92EC7C98,KOP-9CF5E3251F71,Rina Santoso,BENDAHARA,PENGURUS,0818********,137110050901****,PEREMPUAN,,,Kelurahan Margamulya,19090,19**-**-**,S1,2025-01-01,2030-01-01,,,2025-06-14 17:50:32,2026-03-17 07:37:18
PGR-83862DD7F849,KOP-9CF5E3251F71,Bambang Hidayat,KETUA,PENGURUS,0820********,531201010605****,LAKI-LAKI,,,Kelurahan Karanganyar,25050,19**-**-**,S1,2025-01-01,2030-01-01,,,2025-09-20 04:41:34,2025-05-12 15:37:45
PGR-5CA1C581B78E,KOP-5D4CC49511DA,Ani Santoso,SEKRETARIS,PENGURUS,0811********,310308090567****,PEREMPUAN,,,Kelurahan Sukamaju,74630,19**-**-**,SMA,2025-01-01,2030-01-01,,,2025-09-20 18:54:17,2026-05-02 14:13:48
PGR-E93BDDD4C15B,KOP-5D4CC49511DA,Yuni Santoso,BENDAHARA,PENGURUS,0839********,945905080202****,LAKI-LAKI,,,Kelurahan Mekarsari,61691,19**-**-**,SMA,2025-01-01,2030-01-01,,,2025-07-20 18:06:43,2026-05-31 02:47:50
PGR-2D07EC57A14F,KOP-5D4CC49511DA,Agus Firmansyah,KETUA,PENGURUS,0830********,847913280488****,PEREMPUAN,,,Kelurahan Wonorejo,70510,19**-**-**,SMA,2025-01-01,2030-01-01,,,2025-01-14 12:34:28,2025-10-15 14:39:28
PGR-55082CFC621F,KOP-5D4CC49511DA,Ida Rahayu,BENDAHARA,PENGURUS,0835********,422815020198****,LAKI-LAKI,,,Kelurahan Cintamanik,99284,19**-**-**,S1,2025-01-01,2030-01-01,,,2026-06-20 00:19:26,2025-01-28 21:07:01
PGR-0406FD660DD6,KOP-5D4CC49511DA,Wati Rahayu,KETUA,PENGURUS,0827********,363206070508****,LAKI-LAKI,,,Kelurahan Wonorejo,54255,19**-**-**,S1,2025-01-01,2030-01-01,,,2025-10-28 10:23:16,2026-06-23 20:05:59
PGR-444527A77177,KOP-5D4CC49511DA,Joko Handayani,WAKIL KETUA,PENGURUS,0825********,846406050989****,LAKI-LAKI,,,Kelurahan Margamulya,58999,19**-**-**,S1,2025-01-01,2030-01-01,,,2025-10-08 12:57:50,2025-11-20 04:05:54
PGR-852EABBEB877,KOP-289256142138,Dewi Rahayu,WAKIL KETUA,PENGURUS,0846********,736009121067****,PEREMPUAN,,,Kelurahan Margamulya,23428,19**-**-**,SMA,2025-01-01,2030-01-01,,,2025-09-12 18:08:23,2026-02-26 18:13:27
PGR-1EC48054FF9E,KOP-289256142138,Eko Santoso,SEKRETARIS,PENGURUS,0854********,850902210700****,LAKI-LAKI,,,Kelurahan Sukamaju,66009,19**-**-**,S1,2025-01-01,2030-01-01,,,2025-02-11 18:03:26,2025-02-06 16:34:06
PGR-3BEB32E9999B,KOP-289256142138,Rudi Saputra,SEKRETARIS,PENGURUS,0838********,123009170693****,LAKI-LAKI,,,Kelurahan Wonorejo,53065,19**-**-**,S1,2025-01-01,2030-01-01,,,2025-01-08 10:35:49,2025-09-26 22:34:49
PGR-CDAE681E17A2,KOP-289256142138,Andi Wulandari,WAKIL KETUA,PENGURUS,0842********,265818280963****,PEREMPUAN,,,Kelurahan Tanjungsari,42204,19**-**-**,SMA,2025-01-01,2030-01-01,,,2026-03-15 17:55:46,2026-06-16 11:51:19
PGR-E5EBEECDA034,KOP-289256142138,Ida Setiawan,SEKRETARIS,PENGURUS,0826********,862801070300****,PEREMPUAN,,,Kelurahan Margamulya,58725,19**-**-**,S1,2025-01-01,2030-01-01,,,2025-01-06 12:27:43,2025-06-08 15:24:46
PGR-3352CA40E0F1,KOP-289256142138,Ida Handayani,KETUA,PENGURUS,0817********,940505201083****,PEREMPUAN,,,Kelurahan Karangasem,38697,19**-**-**,SMA,2025-01-01,2030-01-01,,,2025-06-19 08:57:08,2026-01-02 14:32:49
PGR-8E352420B11D,KOP-BBCA966C8835,Wawan Wijaya,WAKIL KETUA,PENGURUS,0837********,880211240106****,LAKI-LAKI,,,Kelurahan Cibiru,41110,19**-**-**,S1,2025-01-01,2030-01-01,,,2025-05-26 05:07:17,2025-08-31 09:29:45
PGR-64657BCECED3,KOP-BBCA966C8835,Andi Pratama,BENDAHARA,PENGURUS,0842********,332818040389****,LAKI-LAKI,,,Kelurahan Cibiru,18274,19**-**-**,SMA,2025-01-01,2030-01-01,,,2025-12-28 11:11:06,2026-03-30 11:39:23
PGR-31C4591514F8,KOP-BBCA966C8835,Andi Rahayu,KETUA,PENGURUS,0814********,855508250807****,LAKI-LAKI,,,Kelurahan Mekarsari,50083,19**-**-**,SMA,2025-01-01,2030-01-01,,,2025-09-02 03:49:42,2025-01-17 19:28:48
PGR-02F8C3C001AE,KOP-BBCA966C8835,Rudi Pratama,WAKIL KETUA,PENGURUS,0825********,853401010406****,LAKI-LAKI,,,Kelurahan Karanganyar,12452,19**-**-**,SMA,2025-01-01,2030-01-01,,,2026-03-04 10:50:38,2026-01-17 03:22:27
PGR-9F6E0EBB680C,KOP-BBCA966C8835,Siti Santoso,WAKIL KETUA,PENGURUS,0814********,203301180202****,LAKI-LAKI,,,Kelurahan Sumberrejo,77868,19**-**-**,S1,2025-01-01,2030-01-01,,,2026-03-09 02:16:55,2026-03-11 23:05:53
PGR-FAB50824DB23,KOP-DE8D10000BBC,Rina Wulandari,WAKIL KETUA,PENGURUS,0839********,287106190198****,LAKI-LAKI,,,Kelurahan Sumberrejo,11426,19**-**-**,S1,2025-01-01,2030-01-01,,,2025-04-21 03:16:35,2025-06-11 02:18:05
PGR-9C4D25269698,KOP-DE8D10000BBC,Joko Utami,KETUA,PENGURUS,0837********,207702120172****,PEREMPUAN,,,Kelurahan Sukamaju,62589,19**-**-**,S1,2025-01-01,2030-01-01,,,2025-03-07 02:24:29,2026-04-26 23:13:48
PGR-A228905C458B,KOP-DE8D10000BBC,Hendra Rahayu,BENDAHARA,PENGURUS,0814********,613518120865****,PEREMPUAN,,,Kelurahan Karangasem,92674,19**-**-**,SMA,2025-01-01,2030-01-01,,,2025-06-17 09:16:13,2025-02-27 16:18:18
PGR-B93D964E4CC0,KOP-DE8D10000BBC,Ida Santoso,SEKRETARIS,PENGURUS,0850********,427017041079****,LAKI-LAKI,,,Kelurahan Mekarsari,45962,19**-**-**,S1,2025-01-01,2030-01-01,,,2026-02-21 18:11:56,2026-02-16 16:55:12
PGR-510EA4703EBA,KOP-DE8D10000BBC,Eko Pratama,KETUA,PENGURUS,0847********,835201040802****,LAKI-LAKI,,,Kelurahan Mekarsari,68962,19**-**-**,S1,2025-01-01,2030-01-01,,,2025-11-10 12:03:18,2025-03-18 17:35:30
PGR-A0558ECBD6DC,KOP-DE8D10000BBC,Eko Nugroho,KETUA,PENGURUS,0818********,434508100869****,LAKI-LAKI,,,Kelurahan Cibiru,70351,19**-**-**,SMA,2025-01-01,2030-01-01,,,2025-11-27 06:54:10,2025-06-02 02:09:35
